Title,Category,Link
"Defiant, Inc.: Video Editor â€“ Short-Form Content",Sales and Marketing,https://weworkremotely.com/remote-jobs/defiant-inc-video-editor-short-form-content
Funko: Senior Android Engineer,Front-End Programming,https://weworkremotely.com/remote-jobs/funko-senior-android-engineer
Tk Solutions: Full Time Senior Bookkeeper/Staff Accountant,Management and Finance,https://weworkremotely.com/remote-jobs/tk-solutions-full-time-senior-bookkeeper-staff-accountant
BriteBiz: Technical Support & Onboarding Specialist,Customer Support,https://weworkremotely.com/remote-jobs/britebiz-technical-support-onboarding-specialist
SlideSpeak: Product Manager,Product,https://weworkremotely.com/remote-jobs/slidespeak-product-manager
Learning Tapestry: Senior PHP Developer,Full-Stack Programming,https://weworkremotely.com/remote-jobs/learning-tapestry-senior-php-developer
Lightup Network Solutions GmbH & Co. KG: ðŸš€ Part-Time Project Lead â€“ Creative Web-Based Telecom Projects (100% Remote),Product,https://weworkremotely.com/remote-jobs/lightup-network-solutions-gmbh-co-kg-part-time-project-lead-creative-web-based-telecom
SaleHoo: Digital Marketing Manager,Sales and Marketing,https://weworkremotely.com/remote-jobs/salehoo-digital-marketing-manager
Missive: Senior Backend Software Developer,Back-End Programming,https://weworkremotely.com/remote-jobs/missive-senior-backend-software-developer
Kristie Fetterly: Experienced Insurance Agent,Management and Finance,https://weworkremotely.com/remote-jobs/kristie-fetterly-experienced-insurance-agent
Laudio: Staff Software Engineer,Full-Stack Programming,https://weworkremotely.com/remote-jobs/laudio-staff-software-engineer
VO Sales Group: REMOTE Sales Development,Sales and Marketing,https://weworkremotely.com/remote-jobs/vo-sales-group-remote-sales-development
CData Virtuality: Senior Software Support Engineer (remote),Design,https://weworkremotely.com/remote-jobs/cdata-virtuality-senior-software-support-engineer-remote
CData Software: Senior Platform Engineer (remote),Design,https://weworkremotely.com/remote-jobs/cdata-software-senior-platform-engineer-remote
MapTiler: ðŸ—º Maps Search Engineer - Europe only,Back-End Programming,https://weworkremotely.com/remote-jobs/maptiler-maps-search-engineer-europe-only
Entrepreneurs.Com: PMO spÃ©cialisÃ© en automation / IA,Management and Finance,https://weworkremotely.com/remote-jobs/entrepreneurs-com-pmo-specialise-en-automation-ia
"FactSet: Sr. Software Engineer - Must have Fluency in English, both Written and Verbal - (Web Apps, JavaScript, React Or Vue, HTML, CSS, JS)",Full-Stack Programming,https://weworkremotely.com/remote-jobs/factset-sr-software-engineer-must-have-fluency-in-english-both-written-and-verbal
RELX  Company: Client Manager,Sales and Marketing,https://weworkremotely.com/remote-jobs/relx-company-client-manager
JMI Reports: Field Rep - MA,Sales and Marketing,https://weworkremotely.com/remote-jobs/jmi-reports-field-rep-ma
Ren Systems: Senior Software Engineer (Full-Stack),Full-Stack Programming,https://weworkremotely.com/remote-jobs/ren-systems-senior-software-engineer-full-stack
"Patent Bots, Inc.: Senior Full-Stack Developer",Full-Stack Programming,https://weworkremotely.com/remote-jobs/patent-bots-inc-senior-full-stack-developer
Booksy: CRM Specialist,Customer Support,https://weworkremotely.com/remote-jobs/booksy-crm-specialist
Donorbox: Account Executive (UK),Customer Support,https://weworkremotely.com/remote-jobs/donorbox-account-executive-uk
CXG: Techno-Functional Consultant - Microsoft D365 Sales (CRM),Customer Support,https://weworkremotely.com/remote-jobs/cxg-techno-functional-consultant-microsoft-d365-sales-crm
monday.com: Engineering Backend Team Lead (Data Org),Customer Support,https://weworkremotely.com/remote-jobs/monday-com-engineering-backend-team-lead-data-org
Christian H. Lie Guitar Tuition Ltd.: Customer service and booking assistant,Customer Support,https://weworkremotely.com/remote-jobs/christian-h-lie-guitar-tuition-ltd-customer-service-and-booking-assistant
Brook Hiddink - Highticket.io: Shopify Designer,Design,https://weworkremotely.com/remote-jobs/brook-hiddink-highticket-io-shopify-designer
Truestory: Backend Developer (C# & .NET),Back-End Programming,https://weworkremotely.com/remote-jobs/truestory-backend-developer-c-net
Soar Global Pte. Ltd.: Frontend Engineering Manager,Front-End Programming,https://weworkremotely.com/remote-jobs/soar-global-pte-ltd-frontend-engineering-manager
Soar Global Pte. Ltd.: Security Architect,Full-Stack Programming,https://weworkremotely.com/remote-jobs/soar-global-pte-ltd-security-architect
Soar Global Pte. Ltd.: Head of Engineering,Management and Finance,https://weworkremotely.com/remote-jobs/soar-global-pte-ltd-head-of-engineering
Soar Global Pte. Ltd.: Technical Lead,Full-Stack Programming,https://weworkremotely.com/remote-jobs/soar-global-pte-ltd-technical-lead
Soar Global Pte. Ltd.: Chief Technology Officer,Management and Finance,https://weworkremotely.com/remote-jobs/soar-global-pte-ltd-chief-technology-officer
Glidely : Founding Engineer,Full-Stack Programming,https://weworkremotely.com/remote-jobs/glidely-founding-engineer
Blue Ocean Home Buyers: Inside Sales Agent Real Estate,Sales and Marketing,https://weworkremotely.com/remote-jobs/blue-ocean-home-buyers-inside-sales-agent-real-estate
PIP University: Remote High Ticket Sales Closer,Sales and Marketing,https://weworkremotely.com/remote-jobs/pip-university-remote-high-ticket-sales-closer
Scalingo: Software Engineering Manager - Cloud - Flex/Remote - F/H,Management and Finance,https://weworkremotely.com/remote-jobs/scalingo-software-engineering-manager-cloud-flex-remote-f-h-1
Scalingo: Software Engineering Manager - Cloud - Flex/Remote - F/H,Management and Finance,https://weworkremotely.com/remote-jobs/scalingo-software-engineering-manager-cloud-flex-remote-f-h
neptune.ai: Staff Python Software Engineer,Back-End Programming,https://weworkremotely.com/remote-jobs/neptune-ai-staff-python-software-engineer
CPA Department: Senior Accountant (Remote),Management and Finance,https://weworkremotely.com/remote-jobs/cpa-department-senior-accountant-remote
Codeable: Senior Back-end engineer (Ruby/Rails),Back-End Programming,https://weworkremotely.com/remote-jobs/codeable-senior-back-end-engineer-ruby-rails-1
Pulse: Backend Developer at Pulse,Back-End Programming,https://weworkremotely.com/remote-jobs/pulse-backend-developer-at-pulse
Simplicity AI: ðŸš€ HighLevel (GHL) & AI Automation Specialist â€“ Full-Time (US Time Zone),Front-End Programming,https://weworkremotely.com/remote-jobs/simplicity-ai-highlevel-ghl-ai-automation-specialist-full-time-us-time-zone
FieldLevel: Senior Product Designer,Design,https://weworkremotely.com/remote-jobs/fieldlevel-inc-senior-product-designer
Breezy HR: Customer Success Agent,Customer Support,https://weworkremotely.com/remote-jobs/breezy-hr-customer-success-agent-3
OnTheGoSystems: Ruby on Rails Developer,Back-End Programming,https://weworkremotely.com/remote-jobs/onthegosystems-ruby-on-rails-developer-8
DistroKid: Senior Product Designer,Design,https://weworkremotely.com/remote-jobs/distrokid-senior-product-designer
IxDF - Interaction Design Foundation: Admin and Support Specialist,Customer Support,https://weworkremotely.com/remote-jobs/ixdf-interaction-design-foundation-admin-and-support-specialist-2
Bellroy: Senior Front End Developer,Front-End Programming,https://weworkremotely.com/remote-jobs/bellroy-senior-front-end-developer-1
YNAB: Humbly Confident Product Manager,Product,https://weworkremotely.com/remote-jobs/ynab-humbly-confident-product-manager
Contra: Community Support Lead,Customer Support,https://weworkremotely.com/remote-jobs/contra-community-support-lead-1
Walter: Director of Investments & Asset Management - Real Estate,Management and Finance,https://weworkremotely.com/remote-jobs/walter-director-of-investments-asset-management-real-estate
CardNexus: First Product Designer,Design,https://weworkremotely.com/remote-jobs/cardnexus-first-product-designer
Power Home Remodeling: Ruby on Rails Developer,Design,https://weworkremotely.com/remote-jobs/power-home-remodeling-ruby-on-rails-developer-3
Walter: Conversation Designer,Design,https://weworkremotely.com/remote-jobs/walter-conversation-designer
Paymentology: Cloud Engineer - GCP,DevOps and Sysadmin,https://weworkremotely.com/remote-jobs/paymentology-cloud-engineer-gcp
Enveritas: Information Security Lead,DevOps and Sysadmin,https://weworkremotely.com/remote-jobs/enveritas-information-security-lead
"Creative Force: Technical web manager (Remote, Europe or Asia Pacific)",DevOps and Sysadmin,https://weworkremotely.com/remote-jobs/creative-force-technical-web-manager-remote-europe-or-asia-pacific
BaxEnergy: Senior Site Reliability Engineer,DevOps and Sysadmin,https://weworkremotely.com/remote-jobs/baxenergy-senior-site-reliability-engineer
Relay Commerce: Engineering Manager,DevOps and Sysadmin,https://weworkremotely.com/remote-jobs/relay-commerce-engineering-manager
Canonical: Golang Engineer,DevOps and Sysadmin,https://weworkremotely.com/remote-jobs/canonical-golang-engineer
Soflyy: WordPress Developer/Technical Writer,All Other Remote,https://weworkremotely.com/remote-jobs/soflyy-wordpress-developer-technical-writer
Almabase: Account Executive,Sales and Marketing,https://weworkremotely.com/remote-jobs/almabase-account-executive
Patchstack: Social Media Manager,Sales and Marketing,https://weworkremotely.com/remote-jobs/patchstack-social-media-manager
The Sher Agency: Webflow & Wordpress Developer,Full-Stack Programming,https://weworkremotely.com/remote-jobs/the-sher-agency-webflow-wordpress-developer
Dreamport: Freelancer Travel Consultant,Sales and Marketing,https://weworkremotely.com/remote-jobs/dreamport-freelancer-travel-consultant-1
"Sanctuary Computer: Senior Software Engineer (Backend, Native Android or iOS)",Back-End Programming,https://weworkremotely.com/remote-jobs/sanctuary-computer-senior-software-engineer-backend-native-android-or-ios
SKYCATCHFIRE: Senior React Developer,Front-End Programming,https://weworkremotely.com/remote-jobs/skycatchfire-senior-react-developer
Toggl: Senior Product Manager,Product,https://weworkremotely.com/remote-jobs/toggl-senior-product-manager-3
Toggl: Head of Product,Product,https://weworkremotely.com/remote-jobs/toggl-head-of-product
Dakoda.ai: Frontend Developer,Full-Stack Programming,https://weworkremotely.com/remote-jobs/dakoda-ai-frontend-developer
Close: Senior Software Engineer - Frontend/React - USA Only (100% Remote),Front-End Programming,https://weworkremotely.com/remote-jobs/close-senior-software-engineer-frontend-react-usa-only-100-remote
"Speechify Inc: Senior Software Engineer, ML Platform & Data Acquisition (Python)",Front-End Programming,https://weworkremotely.com/remote-jobs/speechify-inc-senior-software-engineer-ml-platform-data-acquisition-python
Speechify Inc: Senior iOS Engineer,Front-End Programming,https://weworkremotely.com/remote-jobs/speechify-inc-senior-ios-engineer
Maharishi Foundation International: Senior Mobile Engineer,Front-End Programming,https://weworkremotely.com/remote-jobs/maharishi-foundation-international-senior-mobile-engineer
Soar Global Pte. Ltd.: Product Owner,Product,https://weworkremotely.com/remote-jobs/soar-financials-product-owner
Alfanoos International Ltd: Data Entry Specialist,All Other Remote,https://weworkremotely.com/remote-jobs/alfanoos-international-ltd-data-entry-specialist
Close: Senior Software Engineer - Backend/Python - USA Only (100% Remote),Back-End Programming,https://weworkremotely.com/remote-jobs/close-senior-software-engineer-backend-python-usa-only-100-remote
Files.com: UI/UX Designer,Design,https://weworkremotely.com/remote-jobs/files-com-ui-ux-designer-2
Wealthbox CRM: QA Analyst,Product,https://weworkremotely.com/remote-jobs/wealthbox-crm-qa-analyst
HiveMQ: Senior Product Manager,Product,https://weworkremotely.com/remote-jobs/hivemq-senior-product-manager
Used Conex LLC: Entry Level Sales Agent - Chat Only - Side Hustle,Design,https://weworkremotely.com/remote-jobs/used-conex-llc-entry-level-sales-agent-chat-only-side-hustle
A.Team: Senior Independent Product Manager/Product Designer ($90-$170/hr),Product,https://weworkremotely.com/remote-jobs/a-team-senior-independent-product-manager-product-designer-90-170-hr
Proxify AB: Senior Next.js Developer,All Other Remote,https://weworkremotely.com/remote-jobs/proxify-ab-senior-next-js-developer
Proxify AB: Senior ERP Software Engineer (SAP Commerce Cloud),All Other Remote,https://weworkremotely.com/remote-jobs/proxify-ab-senior-erp-software-engineer-sap-commerce-cloud
Proxify AB: Senior Magento Developer,All Other Remote,https://weworkremotely.com/remote-jobs/proxify-ab-senior-magento-developer-1
Proxify AB: Senior ERP Software Engineer (SAP SuccessFactors),All Other Remote,https://weworkremotely.com/remote-jobs/proxify-ab-senior-erp-software-engineer-sap-successfactors
Proxify AB: Senior Ruby on Rails Developer,Back-End Programming,https://weworkremotely.com/remote-jobs/proxify-ab-senior-ruby-on-rails-developer
Proxify AB: Senior ERP Software Engineer (SAP Business One),All Other Remote,https://weworkremotely.com/remote-jobs/proxify-ab-senior-erp-software-engineer-sap-business-one
Proxify AB: Senior Enterprise Application Developer (Power Platform),All Other Remote,https://weworkremotely.com/remote-jobs/proxify-ab-senior-enterprise-application-developer-power-platform
Proxify AB: Senior Sharepoint Developer,All Other Remote,https://weworkremotely.com/remote-jobs/proxify-ab-senior-sharepoint-developer
Proxify AB: Senior Enterprise Systems Engineer (Microsoft 365 Admin),All Other Remote,https://weworkremotely.com/remote-jobs/proxify-ab-senior-enterprise-systems-engineer-microsoft-365-admin
Elite Software Automation: Business Analyst,Management and Finance,https://weworkremotely.com/remote-jobs/elite-software-automation-business-analyst
The Ward Law Group: Virtual Assistants for a Personal Injury Law Firm - Customer Service and Sales Experience,Customer Support,https://weworkremotely.com/remote-jobs/the-ward-law-group-virtual-assistants-for-a-personal-injury-law-firm-customer-service
"Doximity: Software Engineer (Python), Data Platform",Front-End Programming,https://weworkremotely.com/remote-jobs/doximity-software-engineer-python-data-platform
